{
  "hash": "7732a224",
  "configHash": "f2d2bc79",
  "lockfileHash": "bc36fbcf",
  "browserHash": "a9abfdad",
  "optimized": {
    "@angular/common": {
      "src": "../../../../../node_modules/@angular/common/fesm2022/common.mjs",
      "file": "@angular_common.js",
      "fileHash": "87c25ec4",
      "needsInterop": false
    },
    "@angular/common/http": {
      "src": "../../../../../node_modules/@angular/common/fesm2022/http.mjs",
      "file": "@angular_common_http.js",
      "fileHash": "0fd33692",
      "needsInterop": false
    },
    "@angular/core": {
      "src": "../../../../../node_modules/@angular/core/fesm2022/core.mjs",
      "file": "@angular_core.js",
      "fileHash": "ff914d2d",
      "needsInterop": false
    },
    "@angular/forms": {
      "src": "../../../../../node_modules/@angular/forms/fesm2022/forms.mjs",
      "file": "@angular_forms.js",
      "fileHash": "601af4ea",
      "needsInterop": false
    },
    "@angular/platform-browser": {
      "src": "../../../../../node_modules/@angular/platform-browser/fesm2022/platform-browser.mjs",
      "file": "@angular_platform-browser.js",
      "fileHash": "ffda98bf",
      "needsInterop": false
    },
    "@angular/router": {
      "src": "../../../../../node_modules/@angular/router/fesm2022/router.mjs",
      "file": "@angular_router.js",
      "fileHash": "4c33dbbd",
      "needsInterop": false
    }
  },
  "chunks": {
    "chunk-NHI2CHZ5": {
      "file": "chunk-NHI2CHZ5.js"
    },
    "chunk-JJUVBE4Y": {
      "file": "chunk-JJUVBE4Y.js"
    },
    "chunk-GQA3GX45": {
      "file": "chunk-GQA3GX45.js"
    },
    "chunk-QPEF36NU": {
      "file": "chunk-QPEF36NU.js"
    }
  }
}