{
  "hash": "2de39984",
  "configHash": "8052de41",
  "lockfileHash": "7cfffebb",
  "browserHash": "83175c55",
  "optimized": {
    "@angular/common": {
      "src": "../../../../../node_modules/@angular/common/fesm2022/common.mjs",
      "file": "@angular_common.js",
      "fileHash": "b8a9e4cc",
      "needsInterop": false
    },
    "@angular/common/http": {
      "src": "../../../../../node_modules/@angular/common/fesm2022/http.mjs",
      "file": "@angular_common_http.js",
      "fileHash": "973fae1a",
      "needsInterop": false
    },
    "@angular/core": {
      "src": "../../../../../node_modules/@angular/core/fesm2022/core.mjs",
      "file": "@angular_core.js",
      "fileHash": "5514225c",
      "needsInterop": false
    },
    "@angular/forms": {
      "src": "../../../../../node_modules/@angular/forms/fesm2022/forms.mjs",
      "file": "@angular_forms.js",
      "fileHash": "48609842",
      "needsInterop": false
    },
    "@angular/platform-browser": {
      "src": "../../../../../node_modules/@angular/platform-browser/fesm2022/platform-browser.mjs",
      "file": "@angular_platform-browser.js",
      "fileHash": "06b55f05",
      "needsInterop": false
    },
    "@angular/router": {
      "src": "../../../../../node_modules/@angular/router/fesm2022/router.mjs",
      "file": "@angular_router.js",
      "fileHash": "d5e698cd",
      "needsInterop": false
    }
  },
  "chunks": {
    "chunk-J27E2YR3": {
      "file": "chunk-J27E2YR3.js"
    },
    "chunk-N7OLQCDJ": {
      "file": "chunk-N7OLQCDJ.js"
    },
    "chunk-MHFZ3VIA": {
      "file": "chunk-MHFZ3VIA.js"
    },
    "chunk-TMUGLGNE": {
      "file": "chunk-TMUGLGNE.js"
    }
  }
}