{
  "hash": "c7d37813",
  "configHash": "20e490a8",
  "lockfileHash": "62a98c15",
  "browserHash": "cbed346c",
  "optimized": {
    "@angular/common/http": {
      "src": "../../../../../node_modules/@angular/common/fesm2022/http.mjs",
      "file": "@angular_common_http.js",
      "fileHash": "6731b439",
      "needsInterop": false
    },
    "@angular/core": {
      "src": "../../../../../node_modules/@angular/core/fesm2022/core.mjs",
      "file": "@angular_core.js",
      "fileHash": "3a32d643",
      "needsInterop": false
    },
    "@angular/platform-browser": {
      "src": "../../../../../node_modules/@angular/platform-browser/fesm2022/platform-browser.mjs",
      "file": "@angular_platform-browser.js",
      "fileHash": "e22f0906",
      "needsInterop": false
    },
    "@angular/router": {
      "src": "../../../../../node_modules/@angular/router/fesm2022/router.mjs",
      "file": "@angular_router.js",
      "fileHash": "ed2c0f21",
      "needsInterop": false
    },
    "@angular/common": {
      "src": "../../../../../node_modules/@angular/common/fesm2022/common.mjs",
      "file": "@angular_common.js",
      "fileHash": "11161248",
      "needsInterop": false
    }
  },
  "chunks": {
    "chunk-GZOYZB63": {
      "file": "chunk-GZOYZB63.js"
    },
    "chunk-35DTDBPT": {
      "file": "chunk-35DTDBPT.js"
    },
    "chunk-4XLXOCJG": {
      "file": "chunk-4XLXOCJG.js"
    },
    "chunk-YVWIMTHM": {
      "file": "chunk-YVWIMTHM.js"
    }
  }
}