{
  "hash": "ff24feba",
  "configHash": "a0998c32",
  "lockfileHash": "62a98c15",
  "browserHash": "8328db6d",
  "optimized": {
    "@angular/common/http": {
      "src": "../../../../../node_modules/@angular/common/fesm2022/http.mjs",
      "file": "@angular_common_http.js",
      "fileHash": "fb749d32",
      "needsInterop": false
    },
    "@angular/core": {
      "src": "../../../../../node_modules/@angular/core/fesm2022/core.mjs",
      "file": "@angular_core.js",
      "fileHash": "615c9a85",
      "needsInterop": false
    },
    "@angular/platform-browser": {
      "src": "../../../../../node_modules/@angular/platform-browser/fesm2022/platform-browser.mjs",
      "file": "@angular_platform-browser.js",
      "fileHash": "ed93b0c0",
      "needsInterop": false
    },
    "@angular/router": {
      "src": "../../../../../node_modules/@angular/router/fesm2022/router.mjs",
      "file": "@angular_router.js",
      "fileHash": "73bd0d67",
      "needsInterop": false
    },
    "@angular/common": {
      "src": "../../../../../node_modules/@angular/common/fesm2022/common.mjs",
      "file": "@angular_common.js",
      "fileHash": "64a0c33a",
      "needsInterop": false
    },
    "@angular/forms": {
      "src": "../../../../../node_modules/@angular/forms/fesm2022/forms.mjs",
      "file": "@angular_forms.js",
      "fileHash": "45220be7",
      "needsInterop": false
    }
  },
  "chunks": {
    "chunk-P5UL6QWC": {
      "file": "chunk-P5UL6QWC.js"
    },
    "chunk-Q7TVCNMS": {
      "file": "chunk-Q7TVCNMS.js"
    },
    "chunk-BDIIDG5I": {
      "file": "chunk-BDIIDG5I.js"
    },
    "chunk-S5GZLNJS": {
      "file": "chunk-S5GZLNJS.js"
    }
  }
}